Tag,Question
python,Drawing closed polygons from simple lines
python,arduino: how to read a csv file in arduino
python,Using njit with sympy.Piecewise lambdified functions
python,Why doesn&#39;t my terminal show higher than python 3.9.6
python,Using telegram bot to send messages in non-blocking loop
python,"Could not build wheels for pyfm, which is required to install pyproject.toml-based projects"
python,"Using Scrapy, when I try to scrape two almost identical pages, the CSS selector works for one but not the other"
python,"tcp server running under the prometheus http server block doesnt shows up in the shell , where is it running"
python,Discord.py bot keeps spamming on dm after I sent a message
python,VERCEL DEPLOYMENT not reading ENV variables FASTAPI application
python,How to get for each node the sum of the edge weights for children in a networkx tree
python,Automating Excel File Updates on SharePoint with Python Script
python,Redisearch full text index not working with Python client
python,Docker: ModuleNotFoundError: No module named &#39;tabulate&#39; Thanks in advance
python,pandas dataframe groupby over consecutive duplicates and sum the values
python,Using pycord and tkinter together returning error
python,Unable to run code snippet in Visual Studio 2022
python,Import csv into mysql database
python,driver.find_elements by tagname of &quot;a&quot; is showing blank results
python,Conditional formatting (ColorScaleRule) behave different with two different excel files - openpyxl
python,Python Flask Socket as Listener for Database Changes
python,How to output in Nepali character?
python,What is the value of an empty int(input())?
python,Issue with accurately updating cumulative frequencies for a player&#39;s property acquisitions in each game and calculating rankings across all games
python,Why did pandas stripped values and left blank spots in my excel?
python,how to use python tkinter multiple windows
python,Is there a way in python to &quot;emulate&quot; running a python file?
python,Binary Tree Max Path Sum: Faulty Logic
python,How does Scrapy&#39;s download middleware handle file download requests?
python,Python: acquire lock with and without multithreading
python,Unable to reproduce Matplotlib 3D surface with Plotly
python,"Python, Pyautogui, and CTRL-C"
python,How can I create a combination model of ResNet &amp; UNet?
python,UnboundLocalError: local variable &#39;name&#39; referenced before assignment?
python,Extract subject/verb/preposition/complement quadruplet from stanford core nlp dependency representation using Stanza
python,Why am I having a key error on my target column and a value error that says; A given column is not a column of the dataframe
python,How to display graphical information infinitely downward in Python?
python,Using macro keyboard as app control board
python,Use the same attributes of one class from the super class python
python,Find a cover of a circle
python,Pulling text from QLineEdit
python,QLineEdit is not updating with setText
python,Seeking Assistance with MoviePy Video Processing Code
python,elses statment not working opencv and dosnt mask red color
python,How to correctly use griddata and cv2.remap for image transformation
python,How do I read Berkeley DB files with Python?
python,Read from multiple rest api stream endpoints - python
python,I am getting an error saying &quot;drawGame&quot; is not defined Pylance
python,numpy reshape implementation
python,Failing to build a python package with SWIG
python,Websocket doesn&#39;t open connection
python,How do you keep GPG from asking for PinEntry?
python,How to add pairs of elements in Python set comprehension depending on boolean statement?
python,"TypeError: Cannot handle this data type: (1, 1, 3), &lt;f8 using PIL Image.fromarray()"
python,white line show after add background rect to second subplot
python,"ERROR: Could not build wheels for lxml, which is required to install pyproject.toml-based projects"
python,Set pycharm settings from command line
python,Python Schematics - Dict type with multiple value types
python,How to disable PyCharm from automatically updating Python interpreter on startup
python,im new to kivy and ids and object property confuses me
python,How to get gradient in dataframe using Pandas?
python,How to execute a test function all time?
python,"How to download a spreadsheet from Google Sheets as a CSV using selenium? In particular, how to click the final CSV suboption?"
python,Node-gyp errors with Python while upgrading node version to 20.9.0
python,Abaqus Coupling with For Loop
python,Python console application can&#39;t make a link using colorama
python,Trying to install Jupyter but I get an error
python,Changing the value of a column in a Pandas Dataframe based on another column containing boolean values (Pycharm weak warning)
python,"Reset all entries and checkboxes regardless of current state, which were created in a foe loop"
python,How to sum even and odd values with one for-loop and no if-condition?
python,how to get a list of the open windows within an application
python,Failed installing taipy in python 3.11.5 in windows 11
python,How to process queue in asyncio using ProcessPoolExecutor and run_in_executor?
python,How to fetch image from online database (given class)?
python,Name shortening project in Python
python,Get the frame number for a looping animation range based only on system time
python,SSH from Python into Another Unix Server and then Send Command
python,Stuck on testing python file for openAI using VS Code (so I can use DALLE-3)
python,why my Linear Least-Squares does not fit right the data-points
python,"ValueError: `logits` and `labels` must have the same shape, received ((None, None, None, 1) vs (None, None))"
python,python resample problem with different year
python,Variable&#39;s &quot;bodyguard&quot; in Python
python,meson-python: error: Could not find ninja version 1.8.2 or newer
python,Why are webcam images taken with Python so dark?
python,combining columns vertically
python,How to convert absolute touch input to middle mouse button click and drags?
python,How do I create a MatPlotLib or similar graph that varies with time?
python,Pyqt5 Applying part colour to cells of columns of a table based on cell&#39;s percentage value
python,"Django, runserver issues (windows)"
python,How to put clip shadow to text in Moviepy in Python
python,Using Real-ESRGAN Onnx in Flutter
python,How to turn python script into a server-like application?
python,How to reference a requirements.txt in the pyproject.toml of a setuptools project?
python,Iterating through a range of dates in Python
python,How to replace opening and closing curly braces {{ }} with pattern {{ &#39;{{&#39; }} / {{ &#39;}}&#39; }} in Python/Ansible
python,Multiple large requests using aiohttp
python,make excel or csv file have pixels colors extracted from an image by the same order
python,Is it possible to get a user to decide the name of a variable through an input?
python,"RuntimeWarning: coroutine &#39;TCPConnector.__init__&#39; was never awaited self.connector = aiohttp.TCPConnector(limit=0, family=socket.AF_INET)"
python,Smarter Python datetime handling
java,Error while Using WebSecurityConfigurerAdapter class for Spring Boot Security
java,SSL HandShake Exception:No appropriate protocol (protocol is disabled or cipher suites are inappropriate);
java,Pdfbox 3.0.1 &quot;loading font file&quot; Warning Messages
java,In handlebars is it possible to render a partial and store the result in a handlebars variable?
java,Access other users files from Java
java,I can&#39;t install OptiFine to Linux Pc
java,Spring Security Authorization Server Jackson deserialization fails with custom principal
java,SameTime with Different TImeZone
java,Error creating bean with name &#39;entityManagerFactory&#39; defined in class path resource : Invocation of init method failed
java,Webview block ads InputStream from url not working
java,Date difference from current date in java
java,Graph incidence list implementation
java,FRED Economic Series IDs
java,How can I 100% prevent topics from being automatically created?
java,Is Appium or Selenium a best tool for this use case?
java,Why a ClassCastException but not a compilation error?
java,Downloading a File with a Dynamically Changing Name from an SFTP Server
java,Eclipse complains about &quot;jakarta.servlet.http.HttpServlet&quot; was not found
java,Why does the Random method produce the name of the method when being printed? [Java]
java,Java SerialPort return data
java,Fetching fuel price from google map
java,Create separate thread Pools for a pool of Platform Threads in java
java,How to deploy spring boot project to VPS
java,Change first-day-of-week for a Vaadin DateField or InlineDateField
java,Why aren&#39;t Java Collections remove methods generic?
java,running on every pixel inside a circle
java,Flutter : Change caller interface on single side
java,PostgreSQL Exception: &quot;An I/O error occured while sending to the backend&quot;
java,When validating a price input using hasNextDouble() it prints &quot;Invalid Input&quot; and only then asks for input
java,Alternates AI API to generate Json from text prompt
java,Trying to install Java ME SDK
java,How to get namespace list in physical cluster using Kubernetes client
java,save picturePath in db and upload image un directory upload
java,Webdriver : How to switch to a specific window?
java,Error: connect ECONNREFUSED 127.0.0.1:8080 in postman java springboot
java,Writing test cases for update JPQL not supported in DataJpaTest
java,Android Studio on Windows does not have JDK path
java,Extract Image from URL which does not have image.png and Place it in MS-Doc
java,How to invoke APIs from Java using https client with ssl certificate
java,"RestTemplate, Spring boot , POST"
java,"Establish rice cultivation areas in the village, using only cells dedicated to this purpose"
java,Sound playing even after closing the application in Java
java,Cannot handle managed/back reference &#39;ca&#39;: back reference type Article not compatible with managed type Article
java,How to apply style to a row up till a specified cell in Apache POI
java,JDK math.RoundingMode class import results in Cannot resolve symbol error
java,ArrayIndexOutOfBoundsException in a simulated Fish Tank
java,Kotlin multiple setters/getters (generics)
java,Spring Boot 3.2 REST API Call with Generic Response: Type Mismatch Issue
java,How do i avoid Obfuscating Firebase Model Fields?
java,how to use simple getter and setter with android
java,How to added Basic Auth for Spring application?
java,My subscriber receive a message from GCP subscription with exactly 60 seconds delay sometimes
java,Timefold : using recommendFit or SolverEventListener to get banch of solutions
java,detect cryptography key generation/type with frida
java,Swagger with Spring Boot 2.0 leads to 404 error page
java,dynamic background color in thymeleaf
java,How can I remove HTML comments in my Facelets?
java,Spring Boot 3.2 JDBC
java,Repeatedly adding numbers in arrays via serveral steps performance optimizsation
java,Spring security token refresh and JWT signature does not match locally computed signature
java,Why is scoping different for primitive type variables and reference type variables?
java,select &quot;all columns&quot; with &quot;group by&quot; in hibernate criteria queries
java,A Class String called from MainActvity remains Null
java,How to select an aggregate query result into tuples using JDBI annotations?
java,How to adjust Operators and Operands from XObjects with PDFBox
java,Converting String to Integers the safe way
java,activity just blinking after using shared element transition
java,Upcasting and downcasting in Java and polymorphism
java,How to solve java.lang.module.InvalidModuleDescriptorException: Application.class found in top-level directory (unnamed package not allowed in module)
java,Why am I receiving a 403 when making a request to the reddit API but not in Postman?
java,Spring Integration JPA-FTP-MongoDB flow design
java,intellij Add Java SDK in hidden folder
java,Should a public API method return InputStream or byte[]
java,Where to get a simple Android API Client?
java,cURL emulating by HTTPClient Apache
java,Getting JSON data from server running on localhost
java,How to pass request PostBody parameter with request url? - with HttpClient in Java
java,Cannot run the cURL command in Java
java,Java code for Shopware API call to clear all cache
java,How can I make a Http Post request to external Rest API?
java,"HttpClient execute but hangs, is API called?"
java,Java Spring Shell hot-swap issue - misread input
java,"Why does T reduce(T, BinaryOperator) disallow static method references but reduce(U, BiFunction, BinaryOperator) allows?"
java,Error: &quot;java.util.zip.ZipException: Not in GZIP format&quot; when interpreting gzip response body from API
java,The type List is not generic; it cannot be parameterized with arguments [HTTPClient]
java,How can I analyze the header and body posted by my API call
java,Java 11 HttpClient - POST issue
java,Java Jackson how to parse large REST API JSON?
java,How do i get data from a txt file and send it to excel spreadsheet?(I only want everything after the &quot;:&quot; in the txt file)?
java,how to resolve BeanCreationException telegrambot and spring-boot 3.2.1
java,Lwjgl 2 input triggering a toggle state twice
java,Send image from Android to Soap web Service
java,Confused by sequence diagram including &lt;&lt;METACLASS&gt;&gt;
java,about sequence diagram for multi-threads java application
java,"How the second in var will be 2, since we are accessing it outside its scope"
java,Pass comparator function as parameter
java,When to use helper method in recursion
java,CXF wsdl2java throws class generation name collision in object factory
java,Android: Constraintlayout.widget.ConstraintLayout cannot be cast to android.widget.TextView
java,Understanding the JVM&#39;s process of invoking native code while interpreting a java function
c++,Trying to compile a code in VSCode using g++ and getting an error
c++,Why can&#39;t I static_cast between char * and unsigned char *?
c++,&quot;use of undeclared identifier &#39;_blsr_u64&#39;&quot; with Intel C++ compiler
c++,"Bazel Cmake using foriegn rules unable to download external packages, but works locally"
c++,Dealing with endianess in Kotlin
c++,std::jthread automatically cancelled?
c++,Failing to build a python package with SWIG
c++,"std::lock_guard example, explanation on why it works"
c++,What is wrong with using goto?
c++,Connect without object
c++,problem with softmax layer in C++ neural network
c++,C++ SDL2_image library gives undefined references with CMake
c++,"VAO Not Rendering, OpenGL"
c++,Entities have no color
c++,"Undefined reference, when trying to compile using g++ in C++"
c++,How to return a value from a HTTP response callback function in c++ (UE5.2)
c++,Allocating an Unknown Inherited Class from another Dynamic Library
c++,How to read more than 16&#39;384 bytes of data using OpenSSL?
c++,Build header/impl optionally as module
c++,Quad Object not rendering onto screen
c++,`std::to_string(INFINITY)` gives seg fault with `g++ -O3`
c++,Send signal from QSlider to QLineEdit slot
c++,Xcode C++ SDL Thread 1: signal SIGABRT Error
c++,getting shapes from an array
c++,Ownership semantics in mutexes
c++,(Visual Studio 2022) I cannot open projects. It gives a blank screen which cannot be edited
c++,How should import &lt;iostream&gt;; be used properly in executable built using CMake (C++20 modules question)
c++,identifier &quot;GdkEventKey&quot; is undefined C/C++(20)
c++,Can&#39;t use gpp compiler in VS Code
c++,"Static assert if value is constant, otherwise don&#39;t"
c++,GDB: debugging 2 process simultaneously
c++,Unreal Engine 4.18.2 &quot;no default constructor exists for class &quot;UUserWidget&quot;&quot;
c++,Remove a pair from a list of pairs C++
c++,why i am getting an error on leetcode question &#39;House Robber&#39;?
c++,How to make imgui menu bar stick to the top of SDL window?
c++,ESP8266 UDP sends fails after a while
c++,C++ same memory location but different values - Confusing
c++,Missing include file when using boost
c++,C++ create concept to restrict size_t template parameter
c++,Why does adding class specific operator delete activate allocation elision in Visual Studio?
c++,c++ delete one record from 100k records in a file and update source file
c++,Trying to draw a sequence diagram of portion of huge source code
c++,Inconsistent Behavior: Printing C++ Struct Properties in Python using ctypes gives unexpected results
c++,Different result on using onnxruntime c++ and python
c++,Intel DPC++ 2024 compiled binary missing sycl7.dll and pi_win_proxy_loader.dll
c++,How to use RxCpp operators on a list of observables?
c++,LNK2019 error when trying to use Stanford external C++ libraries in Visual Studio
c++,HID Device Interface in macOS
c++,how to make a span class deduction which properly performs CTAD for rvalue arrays?
c++,How do you explicitly instantiate a member function template?
c++,Initialization of a hash_map in C++
c++,Why class template instantiation fails for unused member template function
c++,"Sort Array of 0 ,1 and 2"
c++,"Run button in VS code compiles C++ code, but runs it in Debug Console instead of integrated Terminal"
c++,Why while(p) is faster than while(p != nullptr)?
c++,configure driver mongocxx on linux mint
c++,SFINAE doesn&#39;t work when class member function template uses class template parameter directly. Why?
c++,Why doesn&#39;t SFINAE (enable_if) work for member functions of a class template?
c++,C++ Why does a char variable as a function parameter defined with square brackets not need &#39;&amp;&#39; sign?
c++,Is there a way to concatenate multiple vectors simply?
c++,Install driver by using C++
c++,Qt 6.6.1 WebAssembly Error. WebGL: INVALID_ENUM: bindFramebuffer: invalid target
c++,Using one dynamic array for two struct objects in c++
c++,Qt 6.6.1 WebAssembly. Background color of parent window is changed to black
c++,"Unexpected Output While std::cout float32 data twice, which previously swapped by _mm_shuffle_pi16"
c++,aligned malloc c++ implementation
c++,p == NULL takes less time than !p in c++
c++,How to perform post install codesign in CMake?
c++,qualified and unqualified name lookup
c++,wrong output by power function - C
c++,Fastest way to find all primes under 4 billion
c++,Why does the sinus function produce the wrong answer in the C ++ program?
c++,I don&#39;t understand what the error is while using a template in a class.cpp file
c++,What is the difference between iteration and traversing?
c++,Why visual studio code is not supporting C++17 whereas I tried changing the version to c++17 and even c++23
c++,Lifetime of promise and set_value_at_thread_exit
c++,Dividing main() function into separated functions
c++,C++ Array Pointer in Function Parameters
c++,grammatical issue with primary token kind &#39;(&#39;&#39;)&#39;
c++,boost asio - io_service don&#39;t wait connection into threads
c++,What is &quot;pvt&quot; in the Visual Studio Debugger?
c++,glBufferData: sending data with vector of vector
c++,Cannot get FetchCotent_Populate to work for CLI11 getting message: No content details recorded for cli11
c++,Copy constructor: deep copying an abstract class
c++,Resolving function overload in requires clause
c++,std::cin.getline( ) vs. std::cin
c++,PID controller and transfer function in C++
c++,"Custom Triplet class, Eigen, C++"
c++,Access and copy array of C structs in python ctypes
c++,C++ std::barrier as class member
c++,Is initializing the internal state of a PRNG time consuming?
c++,C++ program made with the lib sfml not running
c++,"Why, when adding a const modifier to a fundamental type, can it be created as a constexpr, but not for a user-defined type?"
c++,Why is istream/ostream slow
c++,Unable to get provider com.google.android.gms.ads.MobileAdsInitProvider when using Admob with C++
c++,How to output with 3 digits after the decimal point with C++ stream?
c++,Conveniently Declaring Compile-Time Strings in C++
c++,Why does enable_if_t in template arguments complains about redefinitions?
c++,Build Python as static library with won&#39;t include basic modules
c++,Meta system inner template class specialization
javascript,Get class of the element that&#39;s clicked (this?) and apply it to another element (target) while removing any classes on the target element
javascript,Highlighting specified text with embedded link with Chrome Extension
javascript,How to set the JSTL variable value through javascript variable
javascript,2.0.0-dev quill drag text not working how make it drag text
javascript,How to input only number in react-hook-form
javascript,How to create an upsell on the thank you page?
javascript,JS: the text does not automatically color when I open the html file. Problem starting the function
javascript,NextJS: directly forward request to backend and response to client in /api
javascript,NestJS Passport Local ends up never responding
javascript,Python Flask Socket as Listener for Database Changes
javascript,"How do I make an Android PWA open external links in the actual browser, not a Web view?"
javascript,"plotly - responsive width, fixed height"
javascript,What is the difference between BullMQ and other message queue implementations?
javascript,hudson.AbortException: Ansible playbook execution failed jenkins
javascript,ClearInterval() although with ID is not working
javascript,NextJs app route SSR doesn&#39;t clear the old data on redux?
javascript,React Web App - Incorrect Color Highlighting Logic in Music Theory Application
javascript,Type &#39;{ another: () =&gt; void; }&#39; is missing the following properties Error Coming
javascript,React Native - Long press and pan/swipe to select element
javascript,Set-Cookie present in the header but not being set in the browser
javascript,How to compare the date part alone from a date time value
javascript,Google map car icon rotation
javascript,Reusing shadcn dialog component in next js
javascript,How to update scichart data in JS / react?
javascript,How can I target an iframe that&#39;s on a seperate HTML file?
javascript,Registering one command at a time in discord-js
javascript,When importing an image in Next.js it shows corrupted
javascript,How to Set Variable Value to d=00000 Before Unpausing Execution Button Click in Chrome Extension?
javascript,why are these nested ol items overlapping each other?
javascript,"How to use zlib.gzipSync(buffer[, options]) for compressing files, and zlib.gunzipSync(buffer[, options]) for decompressing files?"
javascript,"HTML, JS: how can i display html text formatted, in a div with contenteditable, to view its output in a preview?"
javascript,this.forceUpdate and passing state through React-Router-DOM Link component
javascript,i cant access to value of a getterFunction on pinia
javascript,"How can a page detect that the user has left to access another page in the SPA? (ReactJs, React Route Dom V6)"
javascript,React.js Routing Issue (react-router-dom)
javascript,regex match unique results
javascript,Observables with Angular 2 isn&#39;t working (Http method)
javascript,How to have unrelated components affect the main App state?
javascript,React Electron Forge not rendering
javascript,How to read ejs file using readFile function
javascript,Error during serialization or deserialization using the JSON JavaScriptSerializer?
javascript,Remove button for shopping cart is not working properly
javascript,Can you control the zoom-in/zoom-out ratio of images in a webpage?
javascript,Get values of json object and fill a datatable
javascript,Why socket.io server dont receive the connection from android studio client?
javascript,Firestore UpdateDoc() Issue - Inconsistent Sign of Transaction Amounts for Current User and Friends
javascript,Javascript to update active sidebar menuSubItems linked to TabPanel in dashboard
javascript,How to define if string have a necessary substrings. With regular expression. In one step
javascript,Why does clicking a Leaflet marker sometimes open the wrong marker?
javascript,VS Code breakpoints jump to other lines
javascript,Pass array from html to javascript
javascript,How can I enable Drag Drop on mobile devices?
javascript,How to Make Discord.js Bot Status Indicator Completely Invisible like GiveawayBot?
javascript,JavaScript&#39;s text files
javascript,Vuetify 2 data table. Get row from given value
javascript,"My React app isn&#39;t rendering the page right, it just shows a blank page"
javascript,How do you configure dependent packages in a monorepo for publishing?
javascript,React multiple filter functionality on an API call
javascript,How to execute bcrypt.compare inside Sequelize .then?
javascript,RSA Asymmetric Key Generation at User Signup
javascript,Data transfer from javascript to HTML element
javascript,reduce price dosn&quot;t shows on the load more button
javascript,Flickity Carousel - autoPlay stops after user interaction
javascript,How to add a fade in and out transition to images in a Bootstrap 5 carousel?
javascript,How to split and modify a string in NodeJS?
javascript,How can I set a photo in the chartjs-plugin-data labels v2.1.0 plugin?
javascript,Instagram-private-api - Unknown User When Trying to Auto-Respond to Direct Messages on Instagram
javascript,Switching between fake and real time using sinon.js
javascript,Trouble changing background of input textbox
javascript,chart.js v4.1.1 legend position not working
javascript,Angular ReactiveForm does not change its value after it is prefilled
javascript,Can&#39;t link and display images in ParcelJS
javascript,is this code standard ? whenever we click the accordion btn the other ones will be closed
javascript,Playwright - drag and drop files
javascript,how to find a rectangles corner when scaling by new corners X and Y?
javascript,Registering Slash Commands
javascript,Cannot fetch data from the backend [ JWT Laravel React ]
javascript,React Native: Issue with Navigation - Stack Navigator not Navigating to Next Screen
javascript,Video Resolution drops in videoRoomPlugin for JANUS when trying with JANUS-GATEWAY-JS
javascript,Firefox error: DOMException: The operation is insecure
javascript,Error: mongoose.model is not a function
javascript,How to support indefinite integrals on mathquill.js?
javascript,How do I scroll an element to a specific height of a page in JavaScript?
javascript,Fetch has been blocked by CORS policy in JavaScript (Google Cloud Platform)
javascript,Reduce CPU usage in threejs application
javascript,how to access caption from Semantic Search using Javascript?
javascript,I want to store meta data of a folder in my firebase store how to i do that?
javascript,Not getting all the data in mongoose when I send get
javascript,JavaScript function output doesn&#39;t display on textarea
javascript,Can I get the result in a Array instead of JSON array from sqlite3 database in node?
javascript,Javascript quiz errors. Quiz questions no longer displaying
javascript,REACT: Disable the first handler in nouislider at react
javascript,How to change the color of the deselected date in flatpickr
javascript,Load CSS based on network speed
javascript,Errors with local storage and Input field
javascript,&quot;internal/modules/cjs/loader.js:582 throw err&quot;
javascript,How to select correct text in html with Javascript/HTML
javascript,Collapse/Expand Swagger Response Model Class
javascript,FusionCharts Sankey Diagram in React Native Expo
javascript,Material-UI Tooltip requires deletion of child title prop
